{"ast":null,"code":"export const NAVIGATIONEDGES_DEMO = {\n  'type': 'FeatureCollection',\n  'crs': {\n    'type': 'name',\n    'properties': {\n      'name': 'EPSG:3857'\n    }\n  },\n  'features': [{\n    'type': 'Feature',\n    \"id\": 1,\n    'geometry': {\n      'type': 'LineString',\n      'coordinates': [[1722178.9470130377, 5955230.595548892], [1722198.6534343925, 5955261.05092735]]\n    }\n  }, {\n    'type': 'Feature',\n    \"id\": 2,\n    'geometry': {\n      'type': 'LineString',\n      'coordinates': [[1722178.9470130377, 5955230.595548892], [1722197.1605236838, 5955255.82573987]]\n    }\n  }, {\n    'type': 'Feature',\n    \"id\": 3,\n    'geometry': {\n      'type': 'LineString',\n      'coordinates': [[1722178.9470130377, 5955230.595548892], [1722193.428246912, 5955247.465439901]]\n    }\n  }, {\n    'type': 'Feature',\n    \"id\": 4,\n    'geometry': {\n      'type': 'LineString',\n      'coordinates': [[1722178.9470130377, 5955230.595548892], [1722191.9353362035, 5955242.389543491]]\n    }\n  }]\n};","map":null,"metadata":{},"sourceType":"module","externalDependencies":[]}